Employee_ID,Name,Department,Age,Gender,Experience,Performance_Score,Projects_Handled,Working_Hours,Salary,City
1229,Neha,Finance,28.0,Female,6,8,8,12,111300.0,Pune
1073,Karan,IT,24.0,Male,2,9,5,12,96700.0,Bangalore
1491,Arjun,HR,41.0,Male,19,2,11,10,950000.0,Pune
1086,Neha,Finance,42.0,Male,18,1,11,12,141600.0,Chennai
1469,Rohit,IT,32.0,Female,5,8,7,11,106600.0,Delhi
1077,Manish,Finance,43.0,Female,16,7,13,10,141000.0,Delhi
1297,Vikram,Operations,45.0,Female,18,5,13,9,,Mumbai
1418,Kavya,HR,48.0,Female,21,3,14,10,145200.0,Pune
1342,Kavya,IT,39.0,male,12,4,10,11,131100.0,Pune
1383,Anita,Operations,46.0,Male,23,6,16,9,165600.0,Hyderabad
1006,Ajay,Sales,30.0,Male,7,3,4,7,93300.0,Chennai
1117,Manish,IT,27.0,Male,2,5,3,9,90000.0,Pune
1410,Vikram,Sales,,Female,10,8,11,11,121600.0,Hyderabad
1075,Ajay,Marketing,29.0,Female,4,8,6,10,94100.0,Mumbai
1272,Arjun,Operations,35.0,Female,9,1,6,11,94600.0,Delhi
1195,Manish,HR,44.0,Male,20,7,15,7,150200.0,Chennai
1494,Sneha,Marketing,31.0,Female,5,3,3,7,87000.0,Pune
1101,Neha,Finance,50.0,Male,24,10,18,7,171300.0,Bangalore
9999,Unknown,HR,,Male,0,0,0,0,,
1055,John,IT,38.0,Male,12,2,8,9,,Mumbai
1373,Ajay,Finance,26.0,Female,2,4,4,10,85800.0,Hyderabad
1185,Vikram,HR,36.0,Female,10,9,9,12,111000.0,Hyderabad
1298,Priya,IT,24.0,female,2,4,2,10,500.0,Mumbai
1167,Simran,Finance,38.0,Male,12,5,9,12,123400.0,Delhi
1479,Pooja,Sales,,Male,7,8,8,7,105800.0,Bangalore
1002,Rohit,IT,40.0,Female,15,6,11,10,139800.0,Mumbai
1180,Priya,IT,34.0,Female,8,9,11,9,123600.0,Mumbai
1357,Aarav,IT,50.0,Female,23,6,16,8,177300.0,Bangalore
1010,Rohit,Operations,33.0,Female,11,10,9,11,127000.0,Chennai
1311,Ajay,Finance,46.0,Male,24,3,15,12,169500.0,Chennai
1371,Ajay,Operations,24.0,Male,2,3,3,8,80100.0,Delhi
1176,Pooja,HR,31.0,Male,9,7,9,10,101400.0,Hyderabad
1245,Rohit,Operations,29.0,Female,7,1,6,7,93600.0,Chennai
1464,Meena,Marketing,41.0,Male,16,3,9,8,131200.0,Hyderabad
1349,Meena,Sales,47.0,Female,24,6,17,11,171300.0,Delhi
1076,Arjun,Operations,36.0,Female,14,8,11,11,1000.0,Chennai
1414,Priya,Operations,33.0,Male,11,3,9,9,113800.0,Pune
1072,Anita,IT,34.0,Female,12,10,11,11,138800.0,Pune
1196,Manish,HR ,37.0,Female,12,2,7,11,116300.0,Delhi
1268,Riya,Sales,28.0,Male,5,9,8,11,101300.0,
1321,Manish,Sales,49.0,Female,23,2,13,10,154800.0,Delhi
1488,Suresh,IT,,Male,2,7,3,6,92600.0,Hyderabad
1140,Suresh,HR,36.0,Female,9,6,8,10,99100.0,Hyderabad
1457,Vikram,IT,38.0,Male,16,3,10,7,144400.0,Pune
1173,Anita,HR,28.0,Female,1,9,4,6,72100.0,Pune
1079,Amit,Sales,,Male,8,3,6,12,106400.0,Chennai
1362,Sneha,Marketing,46.0,Male,22,7,15,10,,Delhi
1396,Amit,Marketing,37.0,Male,14,3,10,12,,Chennai
9999,Unknown,HR,,Male,0,0,0,0,,
1030,Kavya,Sales,34.0,Female,10,2,7,12,109400.0,Pune
1235,Priya,HR,34.0,Female,9,1,6,6,97000.0,Chennai
1194,Rohit,Operations,41.0,Female,17,2,10,11,131700.0,Mumbai
1497,Priya,HR,39.0,Female,16,1,7,12,117400.0,Mumbai
1009,Neha,Operations,33.0,Female,11,8,11,12,117700.0,Pune
9999,Unknown,HR,,Male,0,0,0,0,,
1325,Ajay,IT,30.0,Female,6,8,9,8,110500.0,Mumbai
1104,Suresh,Finance,39.0,Female,17,4,13,9,,Pune
1446,Arjun,Operations,44.0,Female,21,7,15,9,158300.0,Chennai
1370,Riya,HR,48.0,Male,23,1,14,11,148400.0,Delhi
1158,Meena,Operations,31.0,Female,7,10,9,10,103900.0,
1249,Manish,Operations,,Female,8,3,6,9,100400.0,Chennai
1316,Suresh,Marketing,28.0,Male,1,1,1,12,,Delhi
1076,Arjun,Operations,36.0,Female,14,8,11,11,134200.0,Chennai
9999,Unknown,HR,,male,0,0,0,0,,
1070,Pooja,IT,44.0,Male,22,4,15,9,166400.0,Mumbai
1486,Simran,Marketing,32.0,Female,5,10,8,10,98600.0,Pune
1460,Amit,HR,47.0,Male,22,7,15,9,158800.0,
1368,Ajay,IT,42.0,Male,15,2,9,9,140100.0,Delhi
1271,Pooja,IT,31.0,Male,9,3,6,11,116900.0,Hyderabad
1132,Riya,IT,38.0,Female,15,4,10,6,137300.0,Bangalore
1078,Priya,IT,41.0,Female,15,8,14,11,138600.0,Chennai
1149,Rohit,HR,,Female,4,8,7,12,91600.0,
1335,John,Finance,,Female,5,2,4,8,93000.0,Pune
1208,Manish,HR,46.0,Male,22,1,15,9,145200.0,Mumbai
1068,Ajay,Marketing,32.0,Female,10,3,7,12,109100.0,Delhi
1250,Aarav,Finance,31.0,Female,7,10,6,10,113800.0,Pune
1063,John,Marketing,35.0,Male,8,5,7,9,104600.0,Delhi
1234,Neha,IT,27.0,Male,1,2,1,12,83500.0,Bangalore
1209,Sneha,HR,48.0,Male,23,1,15,11,151000.0,Chennai
1082,Arjun,Marketing,33.0,Female,8,7,7,8,107300.0,Mumbai
1192,Aarav,HR,46.0,Female,20,10,17,10,,Chennai
1033,Rohit,Marketing,41.0,Female,15,5,13,12,123600.0,Bangalore
1084,Kavya,Finance,42.0,Male,16,9,12,11,150700.0,
1177,Kavya,Finance,25.0,Male,3,3,4,7,87800.0,
1000,Manish,HR,30.0,Female,7,4,4,9,84300.0,Hyderabad
1011,Simran,IT,50.0,Male,24,3,16,10,165800.0,Mumbai
1472,Sneha,Operations,37.0,Female,14,3,11,11,129400.0,Mumbai
1022,Anita,HR,32.0,Male,6,1,5,7,80000.0,Mumbai
1356,Aarav,IT,44.0,Female,21,9,18,8,171400.0,Bangalore
1090,Amit,IT,40.0,Female,13,8,10,7,135500.0,Pune
1089,John,Sales,49.0,Female,24,5,16,12,167600.0,Delhi
1153,Riya,Marketing,37.0,Female,13,8,12,6,120400.0,Delhi
1277,Vikram,Operations,29.0,Male,3,8,6,11,90000.0,Hyderabad
1137,Priya,Finance,47.0,Female,23,10,18,6,173200.0,Delhi
1376,Riya,Sales,24.0,Female,1,5,3,11,75900.0,Delhi
1131,Riya,Marketing,28.0,Male,5,3,4,10,81900.0,Hyderabad
1429,Rohit,Operations,47.0,Female,23,8,18,7,171700.0,Pune
1018,Amit,Finance,43.0,Female,21,4,14,12,154400.0,Bangalore
1280,John,Operations,,Female,22,5,14,6,149300.0,Mumbai
1448,Riya,Finance,26.0,Male,1,7,2,8,86000.0,Bangalore
1015,Kavya,Marketing,49.0,Male,24,6,18,9,161800.0,Delhi
1307,Anita,HR,38.0,Female,14,6,10,8,122000.0,Hyderabad
1039,Riya,HR,29.0,Male,5,4,6,9,97800.0,
1498,John,HR,49.0,Male,24,5,16,12,160600.0,Chennai
1148,Riya,IT,45.0,F,20,1,11,8,153800.0,Bangalore
1046,Simran,Sales,28.0,Female,4,6,4,9,92400.0,Delhi
1093,Suresh,IT ,36.0,Male,13,7,11,6,129000.0,
1406,Neha,Marketing,49.0,Male,22,8,16,9,161100.0,Hyderabad
1182,Anita,IT,28.0,Female,5,9,6,9,106300.0,Chennai
1244,Suresh,Operations,46.0,Male,20,4,15,6,148400.0,Bangalore
9999,Unknown,HR,,Male,0,0,0,0,,
1390,Meena,Marketing,35.0,Male,13,8,12,9,,Mumbai
1453,Neha,IT,30.0,Male,8,7,8,9,117800.0,
1352,Aarav,Marketing,43.0,Male,21,5,13,7,150900.0,Pune
1255,Aarav,Operations,40.0,Female,18,7,12,10,156500.0,Pune
1305,Rohit,IT,31.0,Female,4,5,5,12,93300.0,Chennai
1316,Suresh,Marketing,,Male,1,1,1,12,67200.0,
1400,Rohit,IT,41.0,Female,15,9,12,7,150200.0,Hyderabad
1318,Vikram,HR,34.0,Female,12,8,10,7,122900.0,Hyderabad
1238,Simran,Operations,30.0,Female,3,2,4,6,73600.0,Chennai
9999,Unknown,HR,,Male,0,0,0,0,,
1489,Suresh,IT,,Female,20,3,16,10,154600.0,Mumbai
1384,Riya,HR,28.0,Male,3,2,3,6,68800.0,Bangalore
1069,Anita,Operations,28.0,Male,4,10,5,8,99200.0,Mumbai
1382,Manish,Sales,36.0,Female,10,3,8,9,109200.0,
1322,Amit,HR,49.0,Male,22,3,16,8,144600.0,Mumbai
1346,Arjun,Operations,29.0,Male,3,1,2,11,75800.0,Bangalore
1355,Anita,IT ,46.0,Female,20,5,13,9,153400.0,Bangalore
1155,Anjali,HR,34.0,Male,11,8,10,6,119400.0,Hyderabad
1247,Vikram,Finance,32.0,Female,9,7,8,9,114800.0,Bangalore
1124,Ajay,Sales,30.0,Female,3,4,2,10,76300.0,Delhi
1381,Anita,IT,33.0,Male,7,8,8,11,110600.0,Bangalore
1204,Karan,Operations,44.0,Male,17,4,12,12,140600.0,Delhi
1172,Priya,Finance,26.0,Female,1,7,4,8,83800.0,Delhi
1211,Sneha,IT,28.0,Male,1,10,6,11,103600.0,Pune
1397,Amit,Marketing,34.0,Female,12,4,8,9,110100.0,Bangalore
1068,Ajay,Marketing,32.0,Female,10,3,7,12,109100.0,Delhi
1477,Arjun,Marketing,42.0,Female,16,7,10,10,136800.0,Chennai
1210,Amit,Marketing,28.0,Female,5,6,5,9,90600.0,Hyderabad
1299,Ajay,IT,44.0,Male,22,10,17,11,175200.0,Mumbai
1426,Suresh,Operations,47.0,F,20,9,15,6,155300.0,Delhi
1019,Sneha,Sales,25.0,Male,2,1,3,8,76500.0,Hyderabad
1367,Anita,Sales,42.0,Male,18,10,15,9,154400.0,Hyderabad
1056,Ajay,Marketing,30.0,Female,8,3,6,9,98900.0,Mumbai
1218,Vikram,Finance,-5.0,Female,23,9,19,12,172600.0,Pune
1450,Manish,HR,24.0,Male,2,5,1,11,,
1438,Suresh,IT,48.0,Male,24,8,17,6,179700.0,
9999,Unknown,HR,,Male,0,0,0,0,,
1374,John,IT,41.0,Male,17,3,12,11,151400.0,
1025,Vikram,Finance,28.0,Male,1,5,2,7,84500.0,Delhi
1278,Anjali,Sales,47.0,Female,20,4,13,11,158700.0,Bangalore
1042,Suresh,Operations,44.0,Male,21,9,16,8,162200.0,Delhi
1439,Riya,Sales,41.0,Male,19,9,14,9,158600.0,Mumbai
1248,Rohit,Marketing,,Male,1,7,4,11,78900.0,Hyderabad
1432,Anita,Sales,,Male,16,5,12,6,137300.0,
1333,Anjali,HR,42.0,Male,15,10,13,12,133600.0,Bangalore
1154,Karan,HR,38.0,Female,15,5,11,12,,Bangalore
1126,Priya,Sales,34.0,Male,8,8,7,10,104900.0,Delhi
1275,Pooja,Finance,,Female,16,3,10,9,129100.0,Bangalore
1361,Ajay,HR,37.0,Female,10,5,8,8,108200.0,Chennai
1031,Manish,Operations,38.0,Female,16,8,11,12,1500000.0,Delhi
1113,Meena,HR,33.0,Female,7,4,6,12,94300.0,Mumbai
1380,Rohit,Sales,40.0,Male,16,7,11,11,137900.0,Delhi
1473,Pooja,Operations,44.0,Female,20,5,16,6,152200.0,
1369,Ajay,Operations,47.0,Female,22,6,15,7,161700.0,Mumbai
1057,Aarav,Finance,39.0,Male,15,3,11,9,137800.0,
1332,Sneha,Sales,24.0,FEMALE,1,4,1,11,81300.0,Hyderabad
1024,Priya,Sales,46.0,Female,21,6,16,6,163100.0,Delhi
1017,Priya,Operations,44.0,Male,22,3,14,8,,Mumbai
1456,John,Marketing,25.0,Female,1,9,5,6,77800.0,Pune
1066,Kavya,HR,28.0,Female,6,5,5,10,84400.0,Bangalore
1228,Sneha,Sales,,Male,2,3,4,10,74400.0,Bangalore
1482,John,Sales,31.0,Male,5,6,5,7,96400.0,Mumbai
1084,Kavya,Finance,42.0,Male,16,9,12,11,150700.0,
1442,Vikram,IT,44.0,Female,21,10,16,6,169900.0,Hyderabad
1094,Manish,Sales,27.0,Male,1,3,2,10,70800.0,Chennai
1184,Kavya,Operations,45.0,Male,19,4,15,8,,Bangalore
1291,Kavya,Marketing,47.0,F,20,3,14,8,142800.0,
1023,Anjali,Operations,28.0,Female,2,10,5,7,95300.0,Pune
1265,John,Marketing,23.0,Female,1,7,4,7,74500.0,Bangalore
1287,Anita,Sales,30.0,Female,8,7,8,10,,Bangalore
1483,Vikram,Sales,50.0,Male,23,9,17,8,168800.0,Pune
1005,Kavya, Finance,46.0,Male,21,6,13,9,,Pune
1116,Manish,HR,35.0,Male,12,10,9,11,124200.0,Chennai
1045,Meena,HR,44.0,Male,18,8,13,6,147900.0,Delhi
1231,Meena,HR,33.0,Female,11,1,5,7,98800.0,Hyderabad
1304,Anita,HR,,Female,1,4,1,8,68800.0,Bangalore
1016,Meena,Sales,27.0,Male,3,4,4,12,90100.0,Chennai
1048,Anjali,HR,43.0,Female,18,3,13,12,136200.0,Bangalore
1395,Sneha,IT,43.0,Male,16,3,11,7,135400.0,Bangalore
1003,Priya,Operations,35.0,Female,11,1,7,12,107100.0,Pune
1412,Vikram,HR,40.0,Female,15,9,11,11,,
1222,Neha,HR,49.0,Male,24,6,16,9,160600.0,Delhi
1060,Meena,Marketing,42.0,Male,17,6,13,7,132500.0,Hyderabad
1408,Anita,Sales,41.0,Female,17,1,10,6,126100.0,Pune
1110,Vikram,Operations,33.0,Female,10,5,7,12,,Hyderabad
1353,Manish,Operations,28.0,Male,3,10,6,10,1500000.0,Hyderabad
1289,Amit,HR,33.0,Male,6,7,6,12,,Pune
1029,Manish,Marketing,40.0,Female,17,6,14,10,140400.0,Mumbai
9999,Unknown,HR,,Male,0,0,0,0,,
1452,Kavya,Finance,41.0,Female,16,10,13,11,146400.0,Bangalore
1026,Anjali,Sales,35.0,Male,12,4,8,11,118800.0,Delhi
1007,Ajay,Sales,43.0,Female,19,9,15,10,155300.0,Chennai
1181,Arjun,Operations,36.0,Female,9,5,9,8,106500.0,Mumbai
1361,Ajay,HR,37.0,Female,10,5,8,8,108200.0,Chennai
1108,Sneha,Marketing,24.0,Female,1,9,4,9,86900.0,Bangalore
1037,Ajay,Finance,47.0,Male,20,8,15,10,160900.0,Mumbai
1157,John,Finance,40.0,Male,13,1,8,12,119700.0,Bangalore
1371,Ajay,Operations,24.0,Male,2,3,3,8,80100.0,Delhi
1118,Sneha,Marketing,23.0,Female,1,10,6,7,84700.0,Chennai
1114,John,Finance,33.0,Male,9,6,7,10,109900.0,
1286,Kavya,IT,41.0,Female,17,10,14,7,164100.0,
1203,Simran,Finance,50.0,Male,24,7,16,7,,Delhi
1175,Priya,HR,38.0,Female,13,6,11,9,125000.0,Bangalore
1225,Neha,Marketing,46.0,Female,24,7,18,7,162900.0,
1220,Simran,Sales,48.0,Female,23,4,15,7,157800.0,Bangalore
1144,Riya,Operations,39.0,Male,13,10,12,7,134900.0,Chennai
1194,Rohit,Operations,41.0,Female,17,2,10,11,131700.0,Mumbai
1408,Anita,Sales,41.0,Female,17,1,10,6,126100.0,Pune
1420,Ajay,Operations,35.0,Male,12,2,9,9,114700.0,Bangalore
1237,Ajay,Operations,,Male,16,2,9,12,125300.0,Pune
1281,Ajay,Operations,50.0,Male,24,6,17,11,164300.0,Bangalore
1403,Karan,IT,46.0,Male,23,5,15,8,171900.0,Delhi
1280,John,Operations,0.0,Female,22,5,14,6,149300.0,Mumbai
1141,Aarav,Operations,40.0,Male,15,8,11,6,137500.0,Mumbai
1404,Kavya,Finance,44.0,Female,22,9,15,12,166500.0,Delhi
1067,Manish,IT,48.0,MALE,22,5,15,8,164500.0,Hyderabad
1296,Meena,Operations,39.0,Male,14,1,9,12,115200.0,Chennai
1227,Ajay,Operations,44.0,Female,20,7,16,10,159400.0,Mumbai
1168,John,Operations,42.0,Male,20,5,14,8,149300.0,Chennai
1188,John,Sales,42.0,Male,15,9,15,8,,Chennai
1495,Vikram,HR,38.0,Female,13,7,11,9,118100.0,Chennai
1415,Suresh,Marketing,29.0,Female,5,3,4,11,85000.0,Chennai
1416,Vikram,Sales,27.0,Female,1,2,1,7,70400.0,Hyderabad
1193,Riya,IT,,Male,17,6,13,11,152000.0,Mumbai
1081,John,IT,45.0,Female,23,1,14,11,159100.0,Mumbai
1109,Sneha,Sales,32.0,Female,5,1,5,8,92000.0,Mumbai
1320,Vikram,Sales,48.0,Male,22,1,15,9,145700.0,Pune
1145,Ajay,HR,,Male,19,8,15,9,152300.0,Delhi
1092,Karan,Finance,39.0,Female,15,3,11,10,,Chennai
1152,Anita,HR,34.0,Male,7,5,7,11,96900.0,Pune
1261,Sneha,HR,38.0,Male,16,9,12,6,137400.0,Delhi
1434,Suresh,Finance,41.0,Male,18,7,13,9,151300.0,Chennai
1447,Karan,it,28.0,Male,1,1,2,12,66300.0,Pune
1394,Sneha,Operations,37.0,Male,14,4,9,10,119000.0,Chennai
1083,Kavya,Marketing,46.0,Male,21,1,12,10,140700.0,Mumbai
1103,Rohit,IT,45.0,Male,19,1,13,10,152700.0,Pune
1165,Amit,Sales,31.0,Female,6,7,7,10,98000.0,Chennai
1163,Amit,Marketing,40.0,Male,13,9,10,12,127000.0,Bangalore
1199,Simran,Marketing,25.0,F,3,3,6,6,82200.0,Chennai
1329,Riya,Sales,35.0,Female,8,9,11,6,104500.0,Delhi
1074,Riya,it,,Male,10,2,7,10,112900.0,Bangalore
1341,Kavya,Sales,42.0,Female,17,10,14,9,140400.0,Chennai
1257,Manish,IT,,Female,10,2,7,7,,Mumbai
1030,Kavya,Sales,34.0,Female,10,2,7,12,109400.0,Pune
1119,Rohit,Operations,39.0,Male,16,1,9,9,200.0,Mumbai
1310,Sneha,HR,45.0,Male,20,5,14,11,150200.0,Hyderabad
1348,Anita,Operations,30.0,Female,5,9,7,6,101400.0,Mumbai
1392,Anjali,Marketing,23.0,Male,1,10,4,11,85500.0,Chennai
1441,Meena,Sales,30.0,Female,5,9,6,10,101800.0,Mumbai
1422,Simran,Marketing,34.0,Male,7,5,5,10,100000.0,Pune
1274,Manish,Finance,44.0,Male,19,2,12,12,141900.0,Hyderabad
1364,Riya,IT,32.0,Male,8,1,4,9,105700.0,Chennai
1423,Amit,HR,27.0,Male,4,1,4,9,77900.0,Hyderabad
1302,Priya,Marketing,32.0,Female,9,7,9,10,113000.0,Hyderabad
1036,Karan,Operations,46.0,Male,23,2,15,8,152500.0,Mumbai
1139,Ajay,Sales,,Male,7,6,7,9,108900.0,Pune
1253,John,Marketing,23.0,M,1,2,1,11,65500.0,
1388,Anjali,Marketing,33.0,Female,7,6,7,12,,Mumbai
1059,Pooja,Finance,,Male,14,8,12,12,140700.0,
1111,Vikram,Sales,33.0,Female,7,7,8,10,100800.0,Pune
1290,Priya,IT,30.0,Female,8,5,6,9,102200.0,Bangalore
1354,Anjali,IT,26.0,Female,1,6,3,6,90400.0,Hyderabad
1262,Kavya,IT,47.0,Female,20,7,15,9,171000.0,Pune
1399,Ajay,Marketing,46.0,Male,23,2,13,11,146400.0,Mumbai
1150,Manish,Finance,31.0,Male,5,4,6,7,,Bangalore
1266,Kavya,Operations,42.0,Female,16,8,14,10,142600.0,Bangalore
1421,Karan,IT,30.0,Male,5,3,3,8,90700.0,Delhi
1038,Suresh,Finance,26.0,Female,3,2,3,6,90400.0,Pune
1347,Karan,HR,35.0,Female,9,5,9,9,,Delhi
1198,Aarav,Marketing,25.0,Female,2,1,1,9,73500.0,Hyderabad
1284,Kavya,Operations,43.0,Male,20,2,12,10,136300.0,Bangalore
1146,Manish,Sales,32.0,Male,7,2,5,10,91100.0,Chennai
1433,Anita,Operations,39.0,Female,13,1,7,8,118500.0,Delhi
1147,Amit,Operations,,Female,17,9,13,9,141200.0,Hyderabad
1449,Meena,HR,37.0,female,15,10,11,12,126200.0,Mumbai
1485,Simran,IT,47.0,Male,22,1,15,10,165600.0,Mumbai
1123,Kavya,Operations,31.0,Male,5,8,7,6,1000.0,Chennai
1407,Simran,Operations,49.0,Female,22,1,14,8,146000.0,Pune
1096,Riya,Finance,33.0,Female,9,6,9,7,107800.0,
1143,Anita,Finance,32.0,Female,10,10,8,7,119500.0,Mumbai
1239,Suresh,IT,44.0,Female,20,6,15,6,156800.0,Mumbai
1301,Aarav,Operations,41.0,Female,16,3,11,10,132500.0,Bangalore
1097,Ajay,HR ,49.0,Female,24,3,17,7,174500.0,Hyderabad
1436,John,HR,46.0,Male,19,6,12,12,149900.0,Delhi
1293,John,Sales,40.0,Female,16,4,10,12,137500.0,Bangalore
1388,Anjali,Marketing,33.0,Female,7,6,7,12,97800.0,Mumbai
1122,Vikram,Sales,46.0,Female,24,4,16,8,,Bangalore
1183,Aarav,IT ,26.0,Male,1,10,6,12,83300.0,Chennai
1202,Neha,Marketing,39.0,Male,17,9,13,6,144700.0,Bangalore
1246,Neha,Sales,43.0,Male,20,8,14,11,158900.0,Delhi
1338,Manish,operations,26.0,Female,4,6,3,10,86800.0,Mumbai
1490,Ajay,Marketing,37.0,F,10,10,11,7,119400.0,Chennai
1462,Anjali,Operations,26.0,Female,3,4,3,7,78300.0,Bangalore
1331,Riya,HR,44.0,Male,21,6,15,10,150600.0,Mumbai
1437,John,IT,41.0,Female,17,6,12,8,152800.0,Hyderabad
1312,Simran,Sales,35.0,Female,8,4,7,9,104500.0,Hyderabad
1125,Anjali,Marketing,39.0,Female,12,8,13,9,119900.0,Pune
1334,Arjun,HR,25.0,Male,1,10,6,8,74400.0,Mumbai
1223,Meena,Marketing,42.0,Male,17,8,11,9,132400.0,Bangalore
1461,Amit,Marketing,50.0,Female,23,2,15,10,158000.0,Chennai
1219,Neha,Sales,27.0,Female,4,1,3,7,84800.0,
1129,Karan,Sales,24.0,Male,1,2,1,10,66800.0,Bangalore
1377,Sneha,Sales,35.0,Male,9,8,11,12,114400.0,Delhi
1323,Pooja,Operations,37.0,Female,14,1,7,6,115800.0,Bangalore
1499,Simran,Marketing,150.0,Male,16,9,13,7,142100.0,Hyderabad
1417,John,Marketing,33.0,Male,8,5,8,11,105200.0,Hyderabad
1496,Aarav,Sales,31.0,Male,4,4,5,11,92600.0,Delhi
1393,Priya,HR,33.0,Male,8,4,7,8,98300.0,Chennai
1324,Priya,IT,30.0,Female,6,9,8,9,118800.0,Hyderabad
1294,John,Operations,29.0,Male,3,2,3,12,75100.0,Mumbai
1405,Anita,IT,41.0,Male,19,9,16,9,165700.0,Pune
1375,Rohit,Marketing,34.0,Female,8,10,7,10,109600.0,Delhi
1336,Meena,HR,39.0,Female,16,7,16,7,131200.0,Mumbai
1112,Riya,Operations,33.0,Male,9,1,6,9,97300.0,Pune
1179,Aarav,Sales,,Female,6,5,5,11,98900.0,Pune
1340,Simran,Marketing,39.0,Female,17,5,10,9,131800.0,Chennai
1374,John,IT,41.0,Male,17,3,12,11,,Pune
1365,John,HR,38.0,Male,14,10,12,12,133500.0,Bangalore
1314,Kavya,Sales,29.0,Male,3,6,5,6,89100.0,Bangalore
1151,Manish,HR,48.0,Male,23,4,16,8,154500.0,Chennai
1398,Suresh,IT,46.0,Female,19,1,14,9,500.0,Mumbai
1233,Anjali,Operations,41.0,Male,16,3,11,7,130400.0,Delhi
1493,Anjali,IT,48.0,Female,24,2,16,11,171400.0,Bangalore
1425,Vikram,Operations,36.0,Male,13,10,11,12,131600.0,Delhi
1164,Rohit,IT,44.0,Female,21,6,16,10,167600.0,Chennai
1317,Amit,Sales,40.0,Female,16,10,14,7,150000.0,Delhi
1136,Priya,IT,32.0,Female,5,4,3,6,1200000.0,
1197,Kavya,IT,29.0,Male,7,2,6,12,99700.0,Chennai
1258,John,HR,27.0,Male,3,7,4,11,87100.0,Pune
1232,Sneha,Operations,42.0,Female,16,8,12,8,142000.0,Mumbai
1115,Sneha,HR,32.0,Female,8,2,5,7,87400.0,Pune
1120,Vikram,Finance,46.0,Female,23,6,15,9,165600.0,Mumbai
1386,Vikram,Sales,50.0,Male,24,8,17,9,173600.0,Chennai
1224,Manish,Operations,32.0,Male,6,1,4,8,87100.0,Pune
1444,Anita,IT,,Male,9,10,10,11,124500.0,Pune
9999,Unknown,HR,,Male,0,0,0,0,,
1127,Arjun,Operations,45.0,Male,22,5,15,11,154200.0,Pune
9999,Unknown,HR,,Male,0,0,0,0,,
1285,Arjun,Finance,34.0,Female,11,7,9,7,115200.0,Chennai
1478,Anjali,IT,,Male,21,7,17,8,156900.0,Chennai
1406,Neha,Marketing,49.0,Male,22,8,16,9,161100.0,Hyderabad
1107,Riya,HR,26.0,Male,3,6,3,6,81600.0,Delhi
9999,Unknown,HR,,Male,0,0,0,0,,
1360,Anita,Sales,44.0,Female,18,9,14,11,157100.0,Chennai
1133,Pooja,Finance,40.0,Male,14,4,11,6,128800.0,Mumbai
1402,Riya,HR,24.0,Female,2,2,1,7,70400.0,Hyderabad
1044,Sneha,IT,30.0,Female,7,9,6,9,115100.0,Mumbai
1450,Manish, Finance,,Male,2,5,1,11,77300.0,Mumbai
1065,Neha,HR,,Female,2,5,3,11,75500.0,Hyderabad
1283,Vikram,HR,,Female,24,7,17,10,171500.0,Mumbai
1085,Sneha,Operations,35.0,Male,13,1,8,11,117100.0,Pune
1242,Ajay,Sales,,Male,3,6,3,9,82100.0,Hyderabad
1186,Simran,Marketing,38.0,Female,12,5,11,8,,Pune
1424,Aarav,Operations,32.0,Female,6,1,3,11,,Delhi
1159,Amit,Operations,150.0,Female,19,9,14,8,154200.0,Delhi
1012,Meena,Operations,45.0,Female,21,5,14,8,154600.0,Chennai
1035,Pooja,HR,35.0,male,12,10,9,6,117300.0,Pune
1028,Manish,IT,36.0,Male,12,1,8,7,,Hyderabad
1170,Manish,Sales,47.0,Male,23,4,17,10,160700.0,Chennai
1142,Aarav,IT,37.0,Male,15,7,13,7,146900.0,Pune
1440,Riya,Sales,,Male,23,2,13,11,156500.0,Delhi
1377,Sneha,Sales,35.0,Male,9,8,11,12,114400.0,Delhi
1221,Ajay,Marketing,34.0,Male,11,6,8,10,114100.0,Chennai
1095,Riya,Sales,33.0,Male,7,6,6,10,97900.0,Hyderabad
1051,Manish,Finance,28.0,Female,2,2,3,12,78200.0,Hyderabad
1240,Riya,Marketing,30.0,Male,4,1,3,8,,
1411,Ajay,HR ,29.0,Male,6,10,9,8,109600.0,Delhi
1351,Kavya,Marketing,37.0,Male,14,7,11,6,127200.0,Hyderabad
1467,Anjali,IT,44.0,Female,22,7,14,6,164900.0,
1178,Priya,it,29.0,Male,7,8,10,12,100500.0,Delhi
1431,John,HR,44.0,Male,20,8,15,9,144400.0,Mumbai
1041,Anjali,Marketing,,Female,7,5,7,11,97600.0,Mumbai
1481,Sneha,HR,28.0,Male,1,4,2,11,65400.0,Chennai
1428,Sneha,Sales,27.0,Female,3,1,3,6,78900.0,Mumbai
1206,Ajay,Sales,26.0,Female,2,5,4,8,79300.0,
1282,Anita,IT,27.0,Female,1,5,1,9,89800.0,Delhi
1358,Pooja,Operations,27.0,Female,1,8,4,12,85100.0,Hyderabad
1254,Manish,HR,38.0,Female,11,1,7,6,101300.0,
1455,Pooja,Marketing,44.0,Female,21,7,16,12,153700.0,Delhi
1004,Karan,Sales,33.0,Male,8,8,8,11,113100.0,Bangalore
1256,Kavya,Finance,46.0,Female,23,7,17,8,170500.0,Chennai
1495,Vikram,HR,38.0,Female,13,7,11,9,118100.0,Chennai
1100,Sneha,Marketing,32.0,Female,8,8,10,10,106300.0,Delhi
1226,Karan,IT,30.0,Female,5,1,3,11,92100.0,Chennai
1470,Kavya,Sales,40.0,Male,15,3,11,11,127400.0,Delhi
1213,Riya,IT,44.0,Male,19,5,16,6,158100.0,Pune
1465,Simran,Marketing,43.0,Female,19,2,11,10,143300.0,Pune
1171,Neha,Operations,,M,7,6,8,8,105000.0,Chennai
1098,Ajay,Finance,23.0,Female,1,7,3,10,83100.0,Pune
1292,Suresh,Marketing,25.0,Male,3,3,4,7,79300.0,Chennai
1215,Manish,IT,44.0,Male,21,7,15,7,172600.0,Pune
1061,Arjun,HR,27.0,Male,4,8,8,12,89500.0,Bangalore
1047,Rohit,Finance,40.0,male,14,7,11,9,136800.0,Bangalore
1032,Simran,IT,38.0,Male,15,10,14,6,151900.0,Chennai
1267,Rohit,HR,34.0,Male,12,6,9,10,111600.0,Delhi
1327,Simran,Finance,44.0,Female,19,9,13,7,156500.0,Bangalore
1200,Manish,Marketing,39.0,Male,17,6,12,12,134800.0,Bangalore
1492,Neha,HR,25.0,Female,1,7,3,9,70800.0,
1027,Manish,Finance,150.0,Female,22,3,14,8,153600.0,Pune
1471,Suresh,HR,40.0,Female,17,2,10,10,127500.0,Chennai
1230,Sneha,Sales,44.0,Male,22,3,15,9,153500.0,Delhi
1260,Suresh,Finance,39.0,Female,16,1,11,12,133600.0,Hyderabad
1378,Vikram,IT,34.0,Male,11,4,10,10,119300.0,
1288,Meena,Marketing,30.0,Female,4,1,2,10,74300.0,Delhi
1162,Riya,Marketing,35.0,Male,10,8,8,6,117700.0,Hyderabad
1391,Anita,Operations,46.0,Female,20,1,13,10,144900.0,Hyderabad
1468,Sneha,Sales,40.0,Male,14,1,8,11,128000.0,Mumbai
1138,Riya,IT,40.0,Male,14,8,10,7,147200.0,Pune
1062,Riya,Finance,40.0,male,18,9,15,10,157500.0,Chennai
1135,Ajay,Finance,27.0,Female,1,5,1,6,80500.0,Hyderabad
1128,Priya,Operations,25.0,FEMALE,3,4,3,7,81000.0,Bangalore
1356,Aarav,IT,44.0,Female,21,9,18,8,171400.0,Bangalore
1008,Pooja,Operations,48.0,Female,23,2,15,9,150000.0,Chennai
1326,Manish,Sales,40.0,Female,13,2,9,7,117500.0,Hyderabad
1344,Riya,Operations,45.0,Female,21,6,15,7,156500.0,Mumbai
1064,Amit,IT,30.0,Female,4,3,5,12,94300.0,Chennai
1300,Priya,HR,26.0,Male,3,2,3,8,69000.0,Mumbai
1014,Karan,Operations,34.0,Female,8,10,8,7,105200.0,Pune
1156,Ajay,Operations,28.0,Female,4,10,5,9,,Hyderabad
1040,Suresh,IT,41.0,Female,19,1,13,11,150500.0,Bangalore
1379,Rohit,Marketing,46.0,Female,22,1,14,7,,Pune
1124,Ajay,Sales,30.0,male,3,4,2,10,76300.0,Delhi
1451,Karan,Operations,48.0,Female,22,6,15,12,162400.0,Bangalore
1216,Arjun,Operations,37.0,Female,12,1,9,12,119900.0,Bangalore
1409,Kavya,Operations,46.0,Male,20,9,15,12,149400.0,Delhi
1279,Vikram,IT,48.0,Female,24,4,14,8,172300.0,Bangalore
1480,Priya,Finance,30.0,Male,4,1,5,8,86700.0,
1476,Manish,Marketing,43.0,Female,16,7,13,8,135700.0,Delhi
1337,Aarav,IT,44.0,Female,19,5,13,6,149000.0,Chennai
1236,Suresh,Finance,32.0,Female,6,3,6,7,95200.0,Chennai
1207,Aarav,Finance,24.0,Female,2,8,4,6,,Delhi
1212,Anjali,HR,0.0,Male,1,2,2,6,59500.0,Chennai
1295,Aarav,Sales,44.0,male,18,2,12,8,,Pune
1104,Suresh,Finance,39.0,Female,17,4,13,9,140300.0,Pune
1251,Pooja,Sales,44.0,Female,18,10,14,9,,Hyderabad
9999,Unknown,HR,,Male,0,0,0,0,,
1394,Sneha,Operations,37.0,Male,14,4,9,10,119000.0,Chennai
1303,Sneha,Finance,27.0,Female,4,7,6,6,95500.0,Bangalore
1350,Priya,Sales,39.0,Female,17,10,13,11,146400.0,Hyderabad
1269,Meena,HR,27.0,Female,5,5,7,10,86800.0,Pune
1073,Karan,IT,24.0,Male,2,9,5,12,96700.0,Bangalore
1201,Pooja,Sales,32.0,Male,5,8,5,6,98400.0,Bangalore
1161,Karan,Operations,25.0,Male,2,3,2,9,75900.0,Delhi
1043,Amit,Finance,35.0,Female,9,1,7,12,109000.0,Chennai
1217,Ajay,Finance,31.0,Female,6,4,4,11,95400.0,Mumbai
1401,Rohit,Operations,26.0,Male,2,10,4,11,85400.0,Mumbai
1190,Anita,Sales,48.0,Male,24,4,16,7,161000.0,
1309,Anjali,HR,39.0,Male,16,2,10,10,118200.0,
1259,Amit,Finance,33.0,Male,7,8,6,12,112400.0,Mumbai
1105,Karan,Finance,34.0,Female,8,7,7,6,108700.0,
1053,Vikram,operations,40.0,Female,15,8,12,9,,Bangalore
1389,Ajay,Marketing,31.0,Female,4,5,5,12,90500.0,Mumbai
1001,Anita,IT,42.0,Male,20,6,15,9,162300.0,Chennai
1487,Ajay,IT,28.0,Male,4,2,3,9,91200.0,
1359,Pooja,IT,26.0,Male,3,2,3,12,85800.0,Pune
1049,Sneha,Operations,31.0,Female,9,1,6,6,99800.0,Chennai
1419,Manish,Sales,39.0,Male,12,6,10,12,124700.0,Chennai
1080,Riya,IT,38.0,Female,14,6,10,7,135000.0,Hyderabad
1205,Simran,Operations,44.0,Female,17,6,12,7,147900.0,Chennai
1034,Manish,Operations,42.0,Male,19,7,14,8,152700.0,Pune
1430,Anjali,Marketing,35.0,Male,8,3,6,12,102300.0,Mumbai
1263,Arjun,Sales,41.0,Female,17,3,9,6,128700.0,Hyderabad
1427,Riya,Operations,39.0,Female,15,7,14,12,135200.0,Bangalore
1454,Karan,IT,38.0,Male,13,5,9,8,139200.0,Bangalore
1443,Manish,Finance,45.0,Male,23,9,18,6,178800.0,Chennai
1366,Manish,Sales,46.0,Male,24,5,17,10,167300.0,Bangalore
1091,John,IT,34.0,Female,9,8,8,12,124100.0,Bangalore
1339,Neha,Operations,30.0,Male,3,2,3,6,76700.0,Chennai
1490,Ajay,Marketing,37.0,Female,10,10,11,7,119400.0,Chennai
1052,Rohit,Finance,42.0,Female,20,5,14,9,151500.0,Delhi
1345,Manish,IT,28.0,Female,6,2,6,7,95100.0,Pune
1264,Anita,IT,150.0,Male,2,8,5,12,99400.0,Mumbai
1241,Priya,Finance,46.0,Female,19,2,11,11,,Pune
1013,Amit,IT,28.0,Male,4,6,4,11,102000.0,Delhi
1315,Anita,Operations,44.0,Male,17,8,13,10,145000.0,Hyderabad
1088,Vikram,IT,43.0,Male,21,2,15,7,161500.0,
1387,Sneha,Finance,40.0,Male,13,6,9,6,131700.0,Chennai
1273,Priya,Marketing,30.0,Male,3,8,5,12,89200.0,Pune
1166,Riya,Finance,37.0,Female,12,1,8,6,114500.0,Hyderabad
1328,Anjali, Finance,45.0,Male,22,7,17,8,165900.0,Bangalore
9999,Unknown,HR,,Male,0,0,0,0,,
1134,Amit,Operations,29.0,Female,3,10,6,6,,Mumbai
1306,Priya,Sales,28.0,Female,1,5,3,11,78100.0,Chennai
1484,Pooja,IT,37.0,Female,10,2,6,10,121600.0,Bangalore
9999,Unknown,HR,,Male,0,0,0,0,,
1319,Manish,HR,41.0,Female,19,7,15,6,140900.0,Chennai
1243,Arjun,HR,43.0,M,19,3,11,7,129200.0,Bangalore
1054,Kavya,Sales,30.0,Female,7,9,8,10,111500.0,Hyderabad
1363,Vikram,HR,27.0,Female,3,10,7,7,87200.0,Chennai
1050,Pooja,Marketing,47.0,Male,21,5,14,10,153900.0,Delhi
1155,Anjali,HR,34.0,Male,11,8,10,6,119400.0,Hyderabad
1174,Arjun,Marketing,42.0,Female,20,1,13,10,146300.0,Chennai
1445,Simran,Marketing,39.0,Male,12,10,12,9,132800.0,Mumbai
1189,Arjun,Sales,48.0,Male,22,3,14,8,,Hyderabad
9999,Unknown,HR,,Male,0,0,0,0,,
1463,Karan,IT,34.0,Male,12,7,9,7,129300.0,Mumbai
1187,Meena,Operations,50.0,Female,24,10,19,9,171300.0,Mumbai
1475,Anita,Finance,38.0,Male,12,10,9,10,134400.0,Mumbai
1169,Ajay,Operations,33.0,Female,11,10,11,6,122300.0,Delhi
1009,Neha,Operations,33.0,Female,11,8,11,12,117700.0,Pune
1058,Pooja,Marketing,25.0,Female,3,1,2,11,74600.0,Bangalore
1474,Amit,IT,29.0,Male,5,8,6,8,109000.0,
1252,Amit,IT,34.0,Female,8,3,8,8,108900.0,Chennai
1021,Priya,Operations,37.0,Female,12,1,8,8,109200.0,Chennai
1313,John,Sales,32.0,Male,7,10,7,12,118600.0,Bangalore
1459,Sneha,Sales,28.0,Female,5,2,5,6,87400.0,Delhi
1160,Ajay,IT,48.0,Male,22,6,17,10,171600.0,Bangalore
1276,Neha,HR,42.0,Male,16,8,15,8,134400.0,Mumbai
1191,Kavya,IT ,34.0,Female,9,9,7,10,117200.0,Chennai
1385,Ajay,HR,,Male,18,7,15,10,147200.0,Hyderabad
1413,Neha,Finance,-5.0,Female,22,7,14,10,163500.0,Hyderabad
1491,Arjun,HR,,Male,19,2,11,10,130600.0,Pune
1343,Karan,HR,37.0,Male,14,9,12,7,133400.0,Mumbai
1308,Rohit,HR,45.0,Male,21,9,17,12,,Chennai
1130,Suresh,HR,27.0,Female,3,3,3,7,70800.0,Bangalore
1099,Anjali,Marketing,37.0,Female,12,3,8,10,118500.0,Pune
1372,Sneha,Operations,34.0,Female,10,5,8,7,106000.0,Pune
1087,Karan,HR,40.0,Female,15,7,12,10,123600.0,Hyderabad
1458,Pooja,HR,33.0,Female,7,8,8,10,108800.0,Pune
1330,Anjali,IT,25.0,Male,2,6,3,7,89000.0,Delhi
1214,Neha,Operations,28.0,Male,2,1,1,6,68700.0,Bangalore
1466,Riya,Sales,28.0,Male,5,10,7,8,105700.0,Bangalore
1121,Pooja,Operations,48.0,Male,23,6,17,7,158200.0,Pune
1020,Pooja,Sales,,Male,24,4,16,10,167300.0,Hyderabad
1071,Anita,Marketing,45.0,Female,18,9,14,11,147700.0,Hyderabad
1106,Manish,Finance,29.0,Male,3,4,3,8,87200.0,Bangalore
1270,Vikram,HR,47.0,Male,23,3,15,11,1200000.0,Pune
1435,Manish,Finance,33.0,Female,10,5,9,8,,
1102,Riya,Sales,36.0,Female,11,4,6,10,,Bangalore
